{
	"appName": "BCSSteam",
	"name": "size",
	"label": "Size",
	"url": "scripts/cl_size",
	"services":
	{
		"get": "getSize",
		"save": "saveSize"
	},
	"column": [
	{
		"name": "id",
		"validate": false
	},
	{
		"name": "size",
		"label": "Size",
		"validate": true,
		"validateBy": [
		{
			"mandatory": true
		}]
	}],
	"columnDefs": [
	{
		"type": "text",
		"title": "Id",
		"width": 1,
		"align": "left",
		"wordWrap": false,
		"readOnly": true
	},
	{
		"type": "number",
		"title": "Size",
		"width": 300,
		"align": "right",
		"wordWrap": true,
		"readOnly": false
	}]
}