{
	"appName": "BCSFuel",
	"name": "yard",
	"label": "Fuel Yard",
	"url": "scripts/cl_yard",
	"services":
	{
		"get": "getYard",
		"save": "saveYard"
	},
	"column": [
	{
		"name": "id",
		"validate": false
	},
	{
		"name": "yard_code",
		"label": "Fuel Yard Code",
		"validate": true,
		"validateBy": [
		{
			"mandatory": true
		}]
	},
	{
		"name": "description",
		"label": "Description",
		"validate": true,
		"validateBy": [
		{
			"mandatory": false
		}]
	}],
	"columnDefs": [
	{
		"type": "text",
		"title": "Id",
		"width": 1,
		"align": "left",
		"wordWrap": false,
		"readOnly": true
	},
	{
		"type": "text",
		"title": "Fuel Yard Code",
		"width": 180,
		"align": "left",
		"wordWrap": true,
		"readOnly": false
	},
	{
		"type": "text",
		"title": "Description",
		"width": 300,
		"align": "left",
		"wordWrap": true,
		"readOnly": false
	}]
}