{
	"appName": "BCSFuel",
	"name": "unit",
	"label": "Fuel Unit",
	"url": "scripts/cl_unit",
	"services":
	{
		"get": "getUnit",
		"save": "saveUnit"
	},
	"column": [
	{
		"name": "id",
		"validate": false
	},
	{
		"name": "unit",
		"label": "Fuel Units",
		"validate": true,
		"validateBy": [
		{
			"mandatory": true
		}]
	},
	{
		"name": "description",
		"label": "Description",
		"validate": true,
		"validateBy": [
		{
			"mandatory": false
		}]
	}],
	"columnDefs": [
	{
		"type": "text",
		"title": "Id",
		"width": 1,
		"align": "left",
		"wordWrap": false,
		"readOnly": true
	},
	{
		"type": "text",
		"title": "Fuel Unit",
		"width": 200,
		"align": "left",
		"wordWrap": true,
		"readOnly": false
	},
	{
		"type": "text",
		"title": "Description",
		"width": 300,
		"align": "left",
		"wordWrap": true,
		"readOnly": false
	}]
}