{
	"appName": "BCSSteam",
	"name": "utility",
	"label": "Utility Data",
	"url": "scripts/cl_utilitydata",
	"tableHeaders": ["Month / Year", "SFM Code", "Value (Tons)", "Reason Code"],
	"tableDispHeaders": [
	{
		"name": "record_date",
		"isSort": false
	},
	{
		"name": "sfm_code_id",
		"isSort": false
	},
	{
		"name": "value",
		"isSort": false
	},
	{
		"name": "reason",
		"isSort": false
	}],
	"sort": [],
	"isDuplicateMandatory":
	{
		"setDuplicate": false,
		"setAttr": ""
	},
	"deleteConfirmBy":
	{
		"setAttr": "sfm_code_name"
	},
	"isImportMandatory": false,
	"importUrl": null,
	"isFilterMandatory": false,
	"services":
	{
		"create": "createUtility",
		"read": "getUtilityByFilter",
		"update": "updateUtility",
		"delete": "deleteUtility"
	},
	"loadDataByFilter":
	{
		"isFilter": true,
		"dateFilter":
		{
			"set": false,
			"options": []
		},
		"params": ["sfmCodeFilter.value", "dataSources.startDate", "dataSources.endDate", "offset", "limit"],
		"filters": [
		{
			"elementId": "sfmCodeFilter",
			"objName": "sfmCode"
		}]
	},
	"buttons": [],
	"formLayout": [
	{
		"type": "default",
		"content": [
		{
			"name": "",
			"normal": "col-sm-12",
			"expanded": "col-sm-12 col-md-4",
			"field": "sfm_code_id"
		},
		{
			"name": "",
			"normal": "col-sm-12",
			"expanded": "col-sm-12 col-md-4",
			"field": "value"
		},
		{
			"name": "",
			"normal": "col-sm-12",
			"expanded": "col-sm-12 col-md-4",
			"field": "reason"
		},
		{
			"name": "",
			"normal": "col-sm-12",
			"expanded": "col-sm-12 col-md-4",
			"field": "remarks"
		}]
	}],
	"attrs": [
	{
		"name": "sfm_code_id",
		"label": "SFM code",
		"type": "lookup-embedded",
		"options": [],
		"validate": true,
		"validateBy": [
		{
			"mandatory": true
		}],
		"dataSrc":
		{
			"name": "getAllSfmWithoutLimit",
			"objName": "sfm",
			"valueAttr": "_sid",
			"isMaster": false,
			"options":
			{
				"setFilter": true,
				"elementId": "sfmCodeFilter"
			},
			"displayAttr": "sfm_code",
			"service": "get",
			"decrypt": "sfm_code",
			"allowCreate": false
		}
	},
	{
		"name": "value",
		"label": "Value (Tons)",
		"type": "number",
		"decimal": 3,
		"options": [],
		"validate": true,
		"validateBy": [
		{
			"mandatory": true
		}]
	},
	{
		"name": "reason",
		"label": "Reason Code",
		"type": "lookup-embedded",
		"options": [],
		"validate": false,
		"validateBy": [
		{
			"mandatory": false
		}],
		"dataSrc":
		{
			"name": "getSfmReadingReasonCode",
			"objName": "reasonCode",
			"valueAttr": "id",
			"isMaster": true,

			"options":
			{
				"setFilter": false,
				"elementId": ""
			},
			"displayAttr": "reading_reason_code",
			"service": "get",
			"decrypt": "reading_reason_code",
			"allowCreate": false
		}
	},
	{
		"name": "remarks",
		"label": "Remarks",
		"type": "textarea",
		"options": [],
		"validate": false
	}],
	"encrypt": [],
	"decrypt": [],
	"confirmBy": "sfm_code_name"
}